IP地址,端口,TLS,数据中心,地区,国际代码,国家,城市,网络延迟,下载速度MB/s
35.201.203.106,443,TRUE,TPE,亚太,TW,台湾,台北,57 ms,22.23
23.106.143.190,39027,TRUE,KIX,亚太,JP,日本,大阪,63 ms,19.39
36.50.90.241,47790,TRUE,HKG,亚太,HK,香港,香港,174 ms,16.51
192.3.242.109,39863,TRUE,LAX,北美洲,US,美国,洛杉矶,147 ms,15.17
23.94.211.148,443,TRUE,SEA,北美洲,US,美国,西雅图,155 ms,14.22
36.50.90.241,35951,TRUE,HKG,亚太,HK,香港,香港,186 ms,14.09
137.220.36.181,38509,TRUE,SEA,北美洲,US,美国,西雅图,148 ms,13.96
192.18.142.49,33337,TRUE,SJC,北美洲,US,美国,圣何塞,146 ms,13.7
5.180.30.249,8443,TRUE,LHR,欧洲,GB,英国,伦敦,219 ms,13.57
80.66.85.115,8443,TRUE,FRA,欧洲,DE,德国,法兰克福,172 ms,13.36
57.128.171.28,2087,TRUE,LHR,欧洲,GB,英国,伦敦,183 ms,13.32
65.109.188.192,97,TRUE,HEL,欧洲,FI,芬兰,赫尔辛基,211 ms,12.99
213.183.48.227,443,TRUE,ARN,欧洲,SE,瑞典,斯德哥尔摩,131 ms,12.65
45.76.70.31,25046,TRUE,LAX,北美洲,US,美国,洛杉矶,146 ms,12.64
89.208.250.204,28268,TRUE,LAX,北美洲,US,美国,洛杉矶,139 ms,12.63
202.61.192.103,8443,TRUE,FRA,欧洲,DE,德国,法兰克福,182 ms,12.59
198.12.121.169,24863,TRUE,SJC,北美洲,US,美国,圣何塞,136 ms,12.52
185.238.169.177,443,TRUE,AMS,欧洲,NL,荷兰,阿姆斯特丹,171 ms,12.34
185.22.153.42,443,TRUE,DME,欧洲,RU,俄罗斯,莫斯科,137 ms,12.33
213.218.238.163,2053,TRUE,WAW,欧洲,PL,波兰,华沙,193 ms,12.22
37.27.27.91,8443,TRUE,HEL,欧洲,FI,芬兰,赫尔辛基,193 ms,12.13
159.69.111.215,110,TRUE,CDG,欧洲,FR,法国,巴黎,172 ms,12.1
72.18.80.229,7676,TRUE,LAX,北美洲,US,美国,洛杉矶,153 ms,12.09
74.48.221.141,26255,TRUE,LAX,北美洲,US,美国,洛杉矶,159 ms,11.85
65.109.206.21,8443,TRUE,ARN,欧洲,SE,瑞典,斯德哥尔摩,214 ms,11.82
199.115.231.188,12586,TRUE,LAX,北美洲,US,美国,洛杉矶,155 ms,11.77
93.179.98.217,38519,TRUE,LAX,北美洲,US,美国,洛杉矶,142 ms,11.65
20.243.85.49,10443,TRUE,NRT,亚太,JP,日本,东京,92 ms,11.63
89.58.43.143,8888,TRUE,FRA,欧洲,DE,德国,法兰克福,180 ms,11.49
129.146.22.121,41913,TRUE,LAX,北美洲,US,美国,洛杉矶,169 ms,11.46
141.11.86.94,18333,TRUE,TPE,亚太,TW,台湾,台北,197 ms,11.43
65.20.74.136,2053,TRUE,BOM,亚太,IN,印度,孟买,212 ms,11.28
49.171.120.159,12534,TRUE,ICN,亚太,KR,韩国,首尔,77 ms,11.19
74.120.170.56,443,TRUE,LAX,北美洲,US,美国,洛杉矶,149 ms,11.18
65.49.207.181,26443,TRUE,LAX,北美洲,US,美国,洛杉矶,146 ms,11.15
23.94.122.243,29500,TRUE,SJC,北美洲,US,美国,圣何塞,147 ms,11.13
72.18.81.113,15320,TRUE,LAX,北美洲,US,美国,洛杉矶,160 ms,11.11
51.195.43.174,2053,TRUE,FRA,欧洲,DE,德国,法兰克福,178 ms,11.11
173.249.209.140,32037,TRUE,SJC,北美洲,US,美国,圣何塞,136 ms,11.1
154.29.159.146,587,TRUE,LAX,北美洲,US,美国,洛杉矶,172 ms,11.08
74.48.89.211,443,TRUE,LAX,北美洲,US,美国,洛杉矶,165 ms,11.08
170.205.38.77,443,TRUE,LAX,北美洲,US,美国,洛杉矶,160 ms,11.07
107.173.244.203,22289,TRUE,SEA,北美洲,US,美国,西雅图,170 ms,11.05
172.96.209.184,53849,TRUE,LAX,北美洲,US,美国,洛杉矶,153 ms,10.96
172.93.43.15,8443,TRUE,LAX,北美洲,US,美国,洛杉矶,145 ms,10.94
107.182.27.151,443,TRUE,LAX,北美洲,US,美国,洛杉矶,142 ms,10.9
142.171.12.22,443,TRUE,LAX,北美洲,US,美国,洛杉矶,153 ms,10.87
74.48.82.247,22166,TRUE,LAX,北美洲,US,美国,洛杉矶,145 ms,10.84
147.182.246.69,58017,TRUE,SJC,北美洲,US,美国,圣何塞,163 ms,10.84
154.29.146.197,587,TRUE,LAX,北美洲,US,美国,洛杉矶,166 ms,10.82
144.34.186.222,8443,TRUE,LAX,北美洲,US,美国,洛杉矶,147 ms,10.8
81.95.4.189,443,TRUE,FRA,欧洲,DE,德国,法兰克福,203 ms,10.77
98.142.138.99,33633,TRUE,LAX,北美洲,US,美国,洛杉矶,144 ms,10.68
144.34.163.149,58431,TRUE,LAX,北美洲,US,美国,洛杉矶,145 ms,10.66
64.64.229.220,22446,TRUE,LAX,北美洲,US,美国,洛杉矶,142 ms,10.6
192.210.143.111,28425,TRUE,SEA,北美洲,US,美国,西雅图,169 ms,10.6
74.48.66.151,51083,TRUE,LAX,北美洲,US,美国,洛杉矶,147 ms,10.56
146.56.172.216,39001,TRUE,ICN,亚太,KR,韩国,首尔,177 ms,10.49
37.1.221.155,443,TRUE,AMS,欧洲,NL,荷兰,阿姆斯特丹,197 ms,10.47
45.8.146.85,23352,TRUE,EWR,北美洲,US,美国,纽瓦克,198 ms,10.46
66.98.114.222,39451,TRUE,LAX,北美洲,US,美国,洛杉矶,167 ms,10.43
209.146.102.45,23763,TRUE,LAX,北美洲,US,美国,洛杉矶,181 ms,10.38
54.202.98.246,47346,TRUE,PDX,北美洲,US,美国,波特兰,199 ms,10.36
141.94.221.2,8443,TRUE,CDG,欧洲,FR,法国,巴黎,186 ms,10.3
2.59.183.26,443,TRUE,AMS,欧洲,NL,荷兰,阿姆斯特丹,205 ms,10.3
141.94.222.46,2053,TRUE,CDG,欧洲,FR,法国,巴黎,182 ms,10.29
2.59.183.25,443,TRUE,AMS,欧洲,NL,荷兰,阿姆斯特丹,206 ms,10.25
142.171.136.53,13045,TRUE,LAX,北美洲,US,美国,洛杉矶,166 ms,10.23
107.182.17.246,27116,TRUE,LAX,北美洲,US,美国,洛杉矶,148 ms,10.2
38.180.96.139,443,TRUE,AMS,欧洲,NL,荷兰,阿姆斯特丹,181 ms,10.19
162.19.254.52,2053,TRUE,FRA,欧洲,DE,德国,法兰克福,173 ms,10.19
107.172.100.104,8898,TRUE,SJC,北美洲,US,美国,圣何塞,153 ms,10.18
193.233.133.49,2053,TRUE,FRA,欧洲,DE,德国,法兰克福,218 ms,10.18
34.168.95.100,12388,TRUE,SEA,北美洲,US,美国,西雅图,194 ms,10.11
185.103.109.139,443,TRUE,ARN,欧洲,SE,瑞典,斯德哥尔摩,212 ms,10.11
141.148.164.136,34532,TRUE,LAX,北美洲,US,美国,洛杉矶,158 ms,10.07
167.235.74.233,110,TRUE,CDG,欧洲,FR,法国,巴黎,170 ms,10.06
37.120.186.205,2083,TRUE,HAM,欧洲,DE,德国,汉堡,182 ms,10.05
46.17.41.52,54300,TRUE,DME,欧洲,RU,俄罗斯,莫斯科,141 ms,9.98
45.142.159.9,9991,TRUE,SEA,北美洲,US,美国,西雅图,152 ms,9.98
66.85.139.204,443,TRUE,PHX,北美洲,US,美国,凤凰城,193 ms,9.98
91.149.239.234,443,TRUE,LAX,北美洲,US,美国,洛杉矶,150 ms,9.95
54.37.73.185,8443,TRUE,FRA,欧洲,DE,德国,法兰克福,208 ms,9.95
54.189.161.131,48850,TRUE,PDX,北美洲,US,美国,波特兰,160 ms,9.93
103.15.90.134,49678,TRUE,SIN,亚太,SG,新加坡,新加坡,118 ms,9.89
188.165.26.178,8443,TRUE,CDG,欧洲,FR,法国,巴黎,193 ms,9.83
52.41.218.4,443,TRUE,PDX,北美洲,US,美国,波特兰,170 ms,9.83
138.2.231.58,45638,TRUE,SJC,北美洲,US,美国,圣何塞,171 ms,9.8
57.129.5.108,2053,TRUE,FRA,欧洲,DE,德国,法兰克福,171 ms,9.78
107.174.186.27,50341,TRUE,SJC,北美洲,US,美国,圣何塞,165 ms,9.77
149.28.91.206,45628,TRUE,LAX,北美洲,US,美国,洛杉矶,161 ms,9.77
148.135.56.163,443,TRUE,LAX,北美洲,US,美国,洛杉矶,145 ms,9.76
57.129.5.105,8443,TRUE,FRA,欧洲,DE,德国,法兰克福,182 ms,9.75
141.94.221.2,2053,TRUE,CDG,欧洲,FR,法国,巴黎,179 ms,9.75
95.217.219.11,2053,TRUE,HEL,欧洲,FI,芬兰,赫尔辛基,175 ms,9.73
146.70.88.123,2053,TRUE,CDG,欧洲,FR,法国,巴黎,187 ms,9.72
5.75.208.83,33950,TRUE,FRA,欧洲,DE,德国,法兰克福,175 ms,9.7
51.75.70.204,2053,TRUE,FRA,欧洲,DE,德国,法兰克福,189 ms,9.69
149.202.130.60,5030,TRUE,AMS,欧洲,NL,荷兰,阿姆斯特丹,202 ms,9.65
107.172.97.143,50150,TRUE,SJC,北美洲,US,美国,圣何塞,170 ms,9.64
167.235.74.233,2095,TRUE,CDG,欧洲,FR,法国,巴黎,176 ms,9.62
142.171.133.103,36082,TRUE,LAX,北美洲,US,美国,洛杉矶,145 ms,9.61
194.76.173.154,2053,TRUE,FRA,欧洲,DE,德国,法兰克福,183 ms,9.48
51.38.48.18,8443,TRUE,CDG,欧洲,FR,法国,巴黎,191 ms,9.47
51.210.96.182,8443,TRUE,CDG,欧洲,FR,法国,巴黎,180 ms,9.46
141.94.206.222,8443,TRUE,CDG,欧洲,FR,法国,巴黎,176 ms,9.46
125.187.120.122,11181,TRUE,ICN,亚太,KR,韩国,首尔,64 ms,9.45
82.115.5.199,443,TRUE,AMS,欧洲,NL,荷兰,阿姆斯特丹,171 ms,9.44
5.75.212.169,45603,TRUE,FRA,欧洲,DE,德国,法兰克福,184 ms,9.37
51.178.81.223,8443,TRUE,FRA,欧洲,DE,德国,法兰克福,185 ms,9.36
141.94.70.24,8443,TRUE,CDG,欧洲,FR,法国,巴黎,196 ms,9.35
45.151.133.125,27398,TRUE,SEA,北美洲,US,美国,西雅图,145 ms,9.33
194.76.173.129,2053,TRUE,FRA,欧洲,DE,德国,法兰克福,171 ms,9.33
194.76.173.148,2053,TRUE,FRA,欧洲,DE,德国,法兰克福,184 ms,9.31
45.137.212.111,46742,TRUE,AMS,欧洲,NL,荷兰,阿姆斯特丹,188 ms,9.3
162.19.243.52,8443,TRUE,FRA,欧洲,DE,德国,法兰克福,179 ms,9.3
31.133.0.122,8443,TRUE,WAW,欧洲,PL,波兰,华沙,183 ms,9.29
49.13.133.138,52003,TRUE,FRA,欧洲,DE,德国,法兰克福,180 ms,9.27
188.245.74.27,44918,TRUE,CDG,欧洲,FR,法国,巴黎,175 ms,9.26
141.94.221.240,8443,TRUE,CDG,欧洲,FR,法国,巴黎,191 ms,9.26
146.103.33.57,443,TRUE,AMS,欧洲,NL,荷兰,阿姆斯特丹,196 ms,9.25
123.142.67.164,29461,TRUE,ICN,亚太,KR,韩国,首尔,41 ms,9.22
5.45.95.134,8443,TRUE,AMS,欧洲,NL,荷兰,阿姆斯特丹,186 ms,9.19
91.239.148.53,443,TRUE,AMS,欧洲,NL,荷兰,阿姆斯特丹,178 ms,9.19
23.105.199.246,14273,TRUE,LAX,北美洲,US,美国,洛杉矶,139 ms,9.18
38.180.99.253,8443,TRUE,AMS,欧洲,NL,荷兰,阿姆斯特丹,166 ms,9.18
45.85.93.96,443,TRUE,GVA,欧洲,CH,瑞士,日内瓦,187 ms,9.17
194.76.173.224,2053,TRUE,FRA,欧洲,DE,德国,法兰克福,183 ms,9.17
63.205.203.251,443,TRUE,SJC,北美洲,US,美国,圣何塞,142 ms,9.16
141.94.223.220,2053,TRUE,CDG,欧洲,FR,法国,巴黎,191 ms,9.16
104.243.26.171,42695,TRUE,LAX,北美洲,US,美国,洛杉矶,147 ms,9.15
5.196.27.246,2053,TRUE,FRA,欧洲,DE,德国,法兰克福,204 ms,9.13
51.75.77.148,8443,TRUE,FRA,欧洲,DE,德国,法兰克福,182 ms,9.13
91.107.182.220,2053,TRUE,FRA,欧洲,DE,德国,法兰克福,175 ms,9.12
51.38.50.211,8443,TRUE,CDG,欧洲,FR,法国,巴黎,202 ms,9.12
23.105.220.138,20018,TRUE,LAX,北美洲,US,美国,洛杉矶,154 ms,9.1
5.75.220.151,28893,TRUE,FRA,欧洲,DE,德国,法兰克福,196 ms,9.09
144.34.173.175,10082,TRUE,LAX,北美洲,US,美国,洛杉矶,146 ms,9.09
38.180.69.156,443,TRUE,AMS,欧洲,NL,荷兰,阿姆斯特丹,186 ms,9.09
192.9.137.193,8443,TRUE,SJC,北美洲,US,美国,圣何塞,163 ms,9.08
54.37.64.148,8443,TRUE,FRA,欧洲,DE,德国,法兰克福,209 ms,9.07
54.37.64.97,8443,TRUE,FRA,欧洲,DE,德国,法兰克福,177 ms,9.06
141.94.68.216,2053,TRUE,CDG,欧洲,FR,法国,巴黎,191 ms,9.05
51.178.81.223,2053,TRUE,FRA,欧洲,DE,德国,法兰克福,181 ms,9.04
95.217.219.11,8443,TRUE,HEL,欧洲,FI,芬兰,赫尔辛基,208 ms,9.04
65.109.181.192,4475,TRUE,HEL,欧洲,FI,芬兰,赫尔辛基,186 ms,9.01
141.95.193.15,8443,TRUE,CDG,欧洲,FR,法国,巴黎,180 ms,8.99
188.245.89.169,34322,TRUE,FRA,欧洲,DE,德国,法兰克福,178 ms,8.97
188.165.137.201,2053,TRUE,CDG,欧洲,FR,法国,巴黎,204 ms,8.97
65.109.184.140,8443,TRUE,HEL,欧洲,FI,芬兰,赫尔辛基,176 ms,8.96
54.36.103.135,8443,TRUE,CDG,欧洲,FR,法国,巴黎,190 ms,8.96
23.94.43.51,443,TRUE,SEA,北美洲,US,美国,西雅图,180 ms,8.95
91.149.239.70,443,TRUE,LAX,北美洲,US,美国,洛杉矶,170 ms,8.92
144.76.190.243,8443,TRUE,FRA,欧洲,DE,德国,法兰克福,175 ms,8.9
138.201.244.245,2082,TRUE,FRA,欧洲,DE,德国,法兰克福,175 ms,8.89
116.203.39.157,8443,TRUE,CDG,欧洲,FR,法国,巴黎,174 ms,8.85
94.131.98.24,8443,TRUE,ARN,欧洲,SE,瑞典,斯德哥尔摩,192 ms,8.84
162.19.66.30,2053,TRUE,CDG,欧洲,FR,法国,巴黎,209 ms,8.81
51.195.119.65,2053,TRUE,FRA,欧洲,DE,德国,法兰克福,195 ms,8.81
65.49.198.181,41738,TRUE,LAX,北美洲,US,美国,洛杉矶,157 ms,8.79
86.38.156.24,2053,TRUE,FRA,欧洲,DE,德国,法兰克福,169 ms,8.78
173.249.209.140,42207,TRUE,SJC,北美洲,US,美国,圣何塞,140 ms,8.76
194.113.211.115,2053,TRUE,EWR,北美洲,US,美国,纽瓦克,209 ms,8.76
194.76.173.6,2053,TRUE,FRA,欧洲,DE,德国,法兰克福,184 ms,8.75
62.146.172.119,443,TRUE,SEA,北美洲,US,美国,西雅图,156 ms,8.73
213.183.51.71,443,TRUE,AMS,欧洲,NL,荷兰,阿姆斯特丹,169 ms,8.72
18.170.77.148,443,TRUE,LHR,欧洲,GB,英国,伦敦,192 ms,8.71
91.199.32.25,2053,TRUE,LHR,欧洲,GB,英国,伦敦,181 ms,8.67
173.249.210.53,17750,TRUE,SJC,北美洲,US,美国,圣何塞,150 ms,8.67
162.19.253.192,8443,TRUE,FRA,欧洲,DE,德国,法兰克福,183 ms,8.65
128.140.5.0,2095,TRUE,CDG,欧洲,FR,法国,巴黎,177 ms,8.63
194.87.199.49,2053,TRUE,FRA,欧洲,DE,德国,法兰克福,178 ms,8.57
91.107.191.214,2087,TRUE,FRA,欧洲,DE,德国,法兰克福,201 ms,8.56
91.149.239.198,443,TRUE,LAX,北美洲,US,美国,洛杉矶,149 ms,8.53
141.11.136.193,53300,TRUE,LAX,北美洲,US,美国,洛杉矶,162 ms,8.53
213.218.238.76,2053,TRUE,WAW,欧洲,PL,波兰,华沙,211 ms,8.49
155.248.193.100,33189,TRUE,SJC,北美洲,US,美国,圣何塞,145 ms,8.47
23.94.92.19,443,TRUE,ATL,北美洲,US,美国,亚特兰大,217 ms,8.46
65.21.176.63,2053,TRUE,HEL,欧洲,FI,芬兰,赫尔辛基,193 ms,8.45
97.64.21.208,22712,TRUE,LAX,北美洲,US,美国,洛杉矶,174 ms,8.44
152.70.243.77,53033,TRUE,ICN,亚太,KR,韩国,首尔,211 ms,8.44
217.144.191.242,8443,TRUE,DEN,北美洲,US,美国,丹佛,181 ms,8.35
146.103.49.209,2053,TRUE,CDG,欧洲,FR,法国,巴黎,178 ms,8.34
45.76.232.169,22711,TRUE,DFW,北美洲,US,美国,达拉斯,193 ms,8.33
51.89.23.100,2087,TRUE,FRA,欧洲,DE,德国,法兰克福,185 ms,8.33
172.96.211.147,10942,TRUE,LAX,北美洲,US,美国,洛杉矶,146 ms,8.31
141.94.206.222,2053,TRUE,CDG,欧洲,FR,法国,巴黎,176 ms,8.3
51.38.48.27,8443,TRUE,CDG,欧洲,FR,法国,巴黎,203 ms,8.28
45.33.123.73,587,TRUE,DFW,北美洲,US,美国,达拉斯,191 ms,8.28
145.239.201.32,8443,TRUE,LHR,欧洲,GB,英国,伦敦,208 ms,8.26
91.199.32.67,2053,TRUE,LHR,欧洲,GB,英国,伦敦,180 ms,8.26
141.95.159.211,2053,TRUE,CDG,欧洲,FR,法国,巴黎,216 ms,8.25
51.178.185.141,8002,TRUE,CDG,欧洲,FR,法国,巴黎,175 ms,8.21
49.13.155.5,8081,TRUE,CDG,欧洲,FR,法国,巴黎,199 ms,8.21
5.75.202.217,19999,TRUE,CDG,欧洲,FR,法国,巴黎,183 ms,8.18
112.222.49.250,50000,TRUE,ICN,亚太,KR,韩国,首尔,43 ms,8.17
195.123.241.122,50008,TRUE,LAX,北美洲,US,美国,洛杉矶,154 ms,8.16
123.142.67.164,50000,TRUE,ICN,亚太,KR,韩国,首尔,42 ms,8.15
87.98.235.174,8443,TRUE,CDG,欧洲,FR,法国,巴黎,196 ms,8.15
194.0.194.145,443,TRUE,AMS,欧洲,NL,荷兰,阿姆斯特丹,181 ms,8.14
213.183.61.191,443,TRUE,AMS,欧洲,NL,荷兰,阿姆斯特丹,167 ms,8.14
141.94.204.167,2053,TRUE,CDG,欧洲,FR,法国,巴黎,205 ms,8.13
91.107.166.118,31198,TRUE,FRA,欧洲,DE,德国,法兰克福,181 ms,8.13
141.94.70.243,2053,TRUE,CDG,欧洲,FR,法国,巴黎,176 ms,8.11
91.107.172.115,23516,TRUE,FRA,欧洲,DE,德国,法兰克福,176 ms,8.08
91.107.145.203,20400,TRUE,CDG,欧洲,FR,法国,巴黎,197 ms,8.07
188.165.26.178,2053,TRUE,CDG,欧洲,FR,法国,巴黎,206 ms,8.07
74.48.140.177,443,TRUE,LAX,北美洲,US,美国,洛杉矶,159 ms,8.06
94.23.147.217,8443,TRUE,CDG,欧洲,FR,法国,巴黎,210 ms,8.05
142.171.131.17,8443,TRUE,LAX,北美洲,US,美国,洛杉矶,154 ms,8.03
162.19.243.46,2053,TRUE,FRA,欧洲,DE,德国,法兰克福,187 ms,8.01
138.201.244.245,2087,TRUE,FRA,欧洲,DE,德国,法兰克福,186 ms,8
107.182.179.27,2443,TRUE,LAX,北美洲,US,美国,洛杉矶,156 ms,8
172.232.23.86,587,TRUE,ORD,北美洲,US,美国,芝加哥,194 ms,7.99
38.102.235.21,48676,TRUE,LAX,北美洲,US,美国,洛杉矶,141 ms,7.98
51.75.73.20,2053,TRUE,FRA,欧洲,DE,德国,法兰克福,189 ms,7.96
51.89.27.245,2053,TRUE,FRA,欧洲,DE,德国,法兰克福,183 ms,7.95
109.176.244.107,2053,TRUE,CDG,欧洲,FR,法国,巴黎,209 ms,7.94
107.175.254.239,39128,TRUE,SJC,北美洲,US,美国,圣何塞,160 ms,7.91
91.107.191.214,8081,TRUE,FRA,欧洲,DE,德国,法兰克福,213 ms,7.89
95.216.190.1,443,TRUE,HEL,欧洲,FI,芬兰,赫尔辛基,198 ms,7.88
115.91.235.58,50000,TRUE,ICN,亚太,KR,韩国,首尔,63 ms,7.86
34.16.182.230,50651,TRUE,PHX,北美洲,US,美国,凤凰城,168 ms,7.84
51.38.48.27,2053,TRUE,CDG,欧洲,FR,法国,巴黎,214 ms,7.84
213.183.53.33,443,TRUE,DME,欧洲,RU,俄罗斯,莫斯科,133 ms,7.83
51.178.82.214,8443,TRUE,FRA,欧洲,DE,德国,法兰克福,171 ms,7.81
173.242.123.189,51042,TRUE,LAX,北美洲,US,美国,洛杉矶,139 ms,7.8
138.201.244.245,2096,TRUE,FRA,欧洲,DE,德国,法兰克福,178 ms,7.8
140.84.178.238,23010,TRUE,DFW,北美洲,US,美国,达拉斯,214 ms,7.79
88.218.248.195,443,TRUE,AMS,欧洲,NL,荷兰,阿姆斯特丹,168 ms,7.79
107.172.103.195,23456,TRUE,SJC,北美洲,US,美国,圣何塞,134 ms,7.77
94.131.115.224,443,TRUE,ARN,欧洲,SE,瑞典,斯德哥尔摩,208 ms,7.77
38.180.30.217,443,TRUE,LHR,欧洲,GB,英国,伦敦,183 ms,7.77
46.105.88.78,443,TRUE,CDG,欧洲,FR,法国,巴黎,207 ms,7.76
37.1.203.192,443,TRUE,TXL,欧洲,DE,德国,柏林,166 ms,7.76
192.243.127.224,443,TRUE,KIX,亚太,JP,日本,大阪,59 ms,7.75
45.151.133.125,41389,TRUE,SEA,北美洲,US,美国,西雅图,144 ms,7.73
94.23.72.40,8443,TRUE,CDG,欧洲,FR,法国,巴黎,181 ms,7.73
142.171.62.74,23547,TRUE,LAX,北美洲,US,美国,洛杉矶,154 ms,7.7
65.109.184.140,2053,TRUE,HEL,欧洲,FI,芬兰,赫尔辛基,180 ms,7.67
148.135.5.55,34215,TRUE,LAX,北美洲,US,美国,洛杉矶,166 ms,7.67
148.135.15.148,443,TRUE,LAX,北美洲,US,美国,洛杉矶,162 ms,7.67
162.55.50.87,443,TRUE,CDG,欧洲,FR,法国,巴黎,179 ms,7.67
172.93.32.131,23077,TRUE,YVR,北美洲,CA,加拿大,温哥华,165 ms,7.66
185.127.17.163,1298,TRUE,LHR,欧洲,GB,英国,伦敦,218 ms,7.65
107.174.180.66,13003,TRUE,SJC,北美洲,US,美国,圣何塞,136 ms,7.63
85.198.109.16,443,TRUE,DME,欧洲,RU,俄罗斯,莫斯科,216 ms,7.63
192.3.45.148,443,TRUE,BUF,北美洲,US,美国,布法罗,190 ms,7.63
194.113.211.115,8443,TRUE,EWR,北美洲,US,美国,纽瓦克,216 ms,7.61
91.107.247.19,15497,TRUE,CDG,欧洲,FR,法国,巴黎,201 ms,7.6
91.245.224.37,2053,TRUE,ZRH,欧洲,CH,瑞士,苏黎世,174 ms,7.6
188.245.88.114,34478,TRUE,FRA,欧洲,DE,德国,法兰克福,204 ms,7.59
217.144.191.242,2053,TRUE,DEN,北美洲,US,美国,丹佛,184 ms,7.59
86.110.56.125,2053,TRUE,WAW,欧洲,PL,波兰,华沙,198 ms,7.59
188.245.96.223,2087,TRUE,CDG,欧洲,FR,法国,巴黎,209 ms,7.58
91.239.148.53,42053,TRUE,WAW,欧洲,PL,波兰,华沙,186 ms,7.58
45.154.35.160,443,TRUE,AMS,欧洲,NL,荷兰,阿姆斯特丹,203 ms,7.58
107.172.100.43,26001,TRUE,SJC,北美洲,US,美国,圣何塞,161 ms,7.57
87.98.237.23,2053,TRUE,CDG,欧洲,FR,法国,巴黎,208 ms,7.57
194.67.204.158,2053,TRUE,ARN,欧洲,SE,瑞典,斯德哥尔摩,213 ms,7.56
94.230.165.18,5581,TRUE,FRA,欧洲,DE,德国,法兰克福,200 ms,7.55
174.137.52.235,50971,TRUE,SJC,北美洲,US,美国,圣何塞,154 ms,7.55
135.125.191.180,8443,TRUE,FRA,欧洲,DE,德国,法兰克福,194 ms,7.54
195.206.242.182,2053,TRUE,FRA,欧洲,DE,德国,法兰克福,186 ms,7.54
180.228.127.9,50000,TRUE,ICN,亚太,KR,韩国,首尔,41 ms,7.54
141.94.221.163,8443,TRUE,CDG,欧洲,FR,法国,巴黎,213 ms,7.54
37.1.217.231,443,TRUE,AMS,欧洲,NL,荷兰,阿姆斯特丹,168 ms,7.53
107.174.255.41,33561,TRUE,SJC,北美洲,US,美国,圣何塞,153 ms,7.52
141.94.221.79,2053,TRUE,CDG,欧洲,FR,法国,巴黎,204 ms,7.49
91.107.133.200,39347,TRUE,FRA,欧洲,DE,德国,法兰克福,176 ms,7.48
65.20.82.22,443,TRUE,BOM,亚太,IN,印度,孟买,212 ms,7.48
178.32.42.230,2053,TRUE,CDG,欧洲,FR,法国,巴黎,216 ms,7.44
5.75.210.206,34877,TRUE,FRA,欧洲,DE,德国,法兰克福,187 ms,7.41
213.165.88.177,443,TRUE,LHR,欧洲,GB,英国,伦敦,184 ms,7.41
13.51.55.31,443,TRUE,ARN,欧洲,SE,瑞典,斯德哥尔摩,201 ms,7.39
5.45.67.208,443,TRUE,AMS,欧洲,NL,荷兰,阿姆斯特丹,172 ms,7.39
5.144.182.89,2053,TRUE,LHR,欧洲,GB,英国,伦敦,189 ms,7.38
51.195.119.195,2053,TRUE,FRA,欧洲,DE,德国,法兰克福,200 ms,7.38
91.239.148.100,443,TRUE,AMS,欧洲,NL,荷兰,阿姆斯特丹,216 ms,7.36
162.19.247.5,2053,TRUE,FRA,欧洲,DE,德国,法兰克福,209 ms,7.36
54.200.244.93,443,TRUE,PDX,北美洲,US,美国,波特兰,192 ms,7.35
5.2.67.113,443,TRUE,AMS,欧洲,NL,荷兰,阿姆斯特丹,207 ms,7.34
193.124.24.85,24275,TRUE,DFW,北美洲,US,美国,达拉斯,180 ms,7.34
194.76.173.201,2053,TRUE,FRA,欧洲,DE,德国,法兰克福,194 ms,7.32
132.145.217.215,11002,TRUE,IAD,北美洲,US,美国,阿什本,200 ms,7.32
106.253.198.210,50003,TRUE,ICN,亚太,KR,韩国,首尔,63 ms,7.31
112.222.129.170,50000,TRUE,ICN,亚太,KR,韩国,首尔,42 ms,7.28
198.98.53.156,443,TRUE,EWR,北美洲,US,美国,纽瓦克,211 ms,7.27
191.96.153.171,2053,TRUE,CDG,欧洲,FR,法国,巴黎,183 ms,7.26
51.178.231.65,443,TRUE,CDG,欧洲,FR,法国,巴黎,209 ms,7.22
91.107.249.164,8010,TRUE,CDG,欧洲,FR,法国,巴黎,200 ms,7.22
51.38.51.14,2053,TRUE,CDG,欧洲,FR,法国,巴黎,190 ms,7.22
58.72.194.86,50000,TRUE,ICN,亚太,KR,韩国,首尔,40 ms,7.21
65.109.190.191,2093,TRUE,HEL,欧洲,FI,芬兰,赫尔辛基,216 ms,7.21
49.167.62.11,24904,TRUE,HKG,亚太,HK,香港,香港,108 ms,7.2
87.98.237.23,8443,TRUE,CDG,欧洲,FR,法国,巴黎,206 ms,7.18
194.76.173.246,2053,TRUE,FRA,欧洲,DE,德国,法兰克福,203 ms,7.18
45.85.93.83,443,TRUE,GVA,欧洲,CH,瑞士,日内瓦,210 ms,7.15
213.218.238.24,2053,TRUE,WAW,欧洲,PL,波兰,华沙,201 ms,7.15
65.109.199.25,2081,TRUE,HEL,欧洲,FI,芬兰,赫尔辛基,187 ms,7.14
104.224.177.224,8443,TRUE,LAX,北美洲,US,美国,洛杉矶,145 ms,7.14
188.93.140.11,443,TRUE,ARN,欧洲,SE,瑞典,斯德哥尔摩,177 ms,7.14
43.130.105.166,65001,TRUE,IAD,北美洲,US,美国,阿什本,206 ms,7.12
176.223.66.5,8080,TRUE,IST,欧洲,TR,土耳其,伊斯坦布尔,200 ms,7.11
141.94.204.212,2053,TRUE,CDG,欧洲,FR,法国,巴黎,204 ms,7.1
5.75.210.206,28623,TRUE,FRA,欧洲,DE,德国,法兰克福,181 ms,7.09
193.70.0.150,8443,TRUE,FRA,欧洲,DE,德国,法兰克福,207 ms,7.08
5.75.214.253,24029,TRUE,FRA,欧洲,DE,德国,法兰克福,205 ms,7.06
91.107.133.200,34877,TRUE,FRA,欧洲,DE,德国,法兰克福,191 ms,7.06
217.182.61.115,80,TRUE,CDG,欧洲,FR,法国,巴黎,179 ms,7.06
5.75.220.151,27875,TRUE,FRA,欧洲,DE,德国,法兰克福,198 ms,7.04
138.201.244.245,2083,TRUE,FRA,欧洲,DE,德国,法兰克福,176 ms,7.03
142.171.75.222,17628,TRUE,LAX,北美洲,US,美国,洛杉矶,144 ms,7.01
141.94.220.168,8443,TRUE,CDG,欧洲,FR,法国,巴黎,202 ms,7
118.131.232.132,30063,TRUE,ICN,亚太,KR,韩国,首尔,49 ms,6.99
5.255.120.214,8443,TRUE,AMS,欧洲,NL,荷兰,阿姆斯特丹,162 ms,6.99
141.94.204.167,8443,TRUE,CDG,欧洲,FR,法国,巴黎,212 ms,6.98
78.47.234.20,20827,TRUE,FRA,欧洲,DE,德国,法兰克福,201 ms,6.97
38.22.233.30,443,TRUE,LAX,北美洲,US,美国,洛杉矶,170 ms,6.95
37.252.10.91,443,TRUE,WAW,欧洲,PL,波兰,华沙,181 ms,6.94
23.105.197.144,21182,TRUE,LAX,北美洲,US,美国,洛杉矶,158 ms,6.93
142.171.239.155,10012,TRUE,LAX,北美洲,US,美国,洛杉矶,144 ms,6.92
132.145.217.215,11001,TRUE,IAD,北美洲,US,美国,阿什本,217 ms,6.91
98.142.140.86,587,TRUE,LAX,北美洲,US,美国,洛杉矶,173 ms,6.9
213.218.238.57,2053,TRUE,WAW,欧洲,PL,波兰,华沙,190 ms,6.88
194.146.123.241,443,TRUE,LHR,欧洲,GB,英国,伦敦,196 ms,6.88
142.171.94.100,9960,TRUE,LAX,北美洲,US,美国,洛杉矶,154 ms,6.87
51.178.81.163,8443,TRUE,FRA,欧洲,DE,德国,法兰克福,175 ms,6.85
91.107.140.10,2083,TRUE,FRA,欧洲,DE,德国,法兰克福,177 ms,6.84
18.211.101.20,443,TRUE,IAD,北美洲,US,美国,阿什本,220 ms,6.83
167.235.134.123,443,TRUE,CDG,欧洲,FR,法国,巴黎,202 ms,6.83
167.235.247.132,4433,TRUE,FRA,欧洲,DE,德国,法兰克福,186 ms,6.82
119.66.172.143,50000,TRUE,ICN,亚太,KR,韩国,首尔,42 ms,6.81
91.107.191.214,443,TRUE,FRA,欧洲,DE,德国,法兰克福,208 ms,6.8
89.110.89.229,2053,TRUE,LHR,欧洲,GB,英国,伦敦,218 ms,6.77
5.75.197.169,2087,TRUE,CDG,欧洲,FR,法国,巴黎,182 ms,6.77
38.180.51.120,443,TRUE,WAW,欧洲,PL,波兰,华沙,185 ms,6.77
193.124.92.170,443,TRUE,FRA,欧洲,DE,德国,法兰克福,178 ms,6.76
106.240.106.61,22305,TRUE,NRT,亚太,JP,日本,东京,99 ms,6.76
129.154.223.89,15800,TRUE,ICN,亚太,KR,韩国,首尔,201 ms,6.76
132.226.119.111,24361,TRUE,LAX,北美洲,US,美国,洛杉矶,171 ms,6.75
198.244.249.22,8443,TRUE,LHR,欧洲,GB,英国,伦敦,185 ms,6.75
46.17.43.237,54596,TRUE,DME,欧洲,RU,俄罗斯,莫斯科,140 ms,6.75
91.107.139.212,2053,TRUE,FRA,欧洲,DE,德国,法兰克福,209 ms,6.74
51.195.119.195,8443,TRUE,FRA,欧洲,DE,德国,法兰克福,197 ms,6.73
194.76.173.93,2053,TRUE,FRA,欧洲,DE,德国,法兰克福,204 ms,6.72
51.178.80.153,8443,TRUE,FRA,欧洲,DE,德国,法兰克福,171 ms,6.7
135.181.195.12,443,TRUE,ARN,欧洲,SE,瑞典,斯德哥尔摩,187 ms,6.68
116.47.199.34,50000,TRUE,ICN,亚太,KR,韩国,首尔,83 ms,6.65
5.75.210.206,44158,TRUE,FRA,欧洲,DE,德国,法兰克福,174 ms,6.63
107.175.28.15,31947,TRUE,SJC,北美洲,US,美国,圣何塞,142 ms,6.63
142.171.166.116,8443,TRUE,LAX,北美洲,US,美国,洛杉矶,139 ms,6.63
195.123.211.204,81,TRUE,RIX,欧洲,LV,拉脱维亚,里加,210 ms,6.63
104.168.167.197,27213,TRUE,SEA,北美洲,US,美国,西雅图,191 ms,6.62
38.22.233.252,443,TRUE,LAX,北美洲,US,美国,洛杉矶,189 ms,6.59
131.186.31.253,36688,TRUE,ICN,亚太,KR,韩国,首尔,201 ms,6.59
191.96.153.218,8443,TRUE,CDG,欧洲,FR,法国,巴黎,190 ms,6.59
106.251.70.75,50000,TRUE,ICN,亚太,KR,韩国,首尔,55 ms,6.58
176.109.106.61,8443,TRUE,DME,欧洲,RU,俄罗斯,莫斯科,220 ms,6.58
212.193.1.100,443,TRUE,AMS,欧洲,NL,荷兰,阿姆斯特丹,169 ms,6.58
106.253.198.210,30053,TRUE,ICN,亚太,KR,韩国,首尔,55 ms,6.57
141.94.220.21,2053,TRUE,CDG,欧洲,FR,法国,巴黎,177 ms,6.57
51.38.44.17,443,TRUE,CDG,欧洲,FR,法国,巴黎,205 ms,6.55
107.172.218.244,47452,TRUE,SJC,北美洲,US,美国,圣何塞,153 ms,6.53
140.82.21.227,3533,TRUE,LAX,北美洲,US,美国,洛杉矶,172 ms,6.53
37.27.86.53,8443,TRUE,HEL,欧洲,FI,芬兰,赫尔辛基,183 ms,6.52
219.248.62.241,30017,TRUE,HKG,亚太,HK,香港,香港,74 ms,6.52
154.9.206.198,443,TRUE,LAX,北美洲,US,美国,洛杉矶,140 ms,6.51
5.144.181.130,8443,TRUE,LHR,欧洲,GB,英国,伦敦,211 ms,6.5
23.83.233.179,35825,TRUE,SJC,北美洲,US,美国,圣何塞,161 ms,6.49
121.66.32.174,50000,TRUE,ICN,亚太,KR,韩国,首尔,40 ms,6.48
185.51.247.96,8443,TRUE,AMS,欧洲,NL,荷兰,阿姆斯特丹,185 ms,6.46
192.3.7.50,27894,TRUE,EWR,北美洲,US,美国,纽瓦克,191 ms,6.45
94.103.84.206,2053,TRUE,DME,欧洲,RU,俄罗斯,莫斯科,219 ms,6.45
123.253.33.182,12306,TRUE,SIN,亚太,SG,新加坡,新加坡,201 ms,6.44
91.199.32.172,2053,TRUE,LHR,欧洲,GB,英国,伦敦,218 ms,6.44
146.103.49.159,2053,TRUE,CDG,欧洲,FR,法国,巴黎,186 ms,6.43
139.185.39.237,48008,TRUE,SIN,亚太,SG,新加坡,新加坡,216 ms,6.42
194.76.173.71,2053,TRUE,FRA,欧洲,DE,德国,法兰克福,197 ms,6.41
162.19.24.169,2053,TRUE,CDG,欧洲,FR,法国,巴黎,216 ms,6.41
82.118.22.141,2053,TRUE,KBP,欧洲,UA,乌克兰,基辅,219 ms,6.41
192.3.155.217,443,TRUE,BUF,北美洲,US,美国,布法罗,213 ms,6.37
185.244.49.103,443,TRUE,AMS,欧洲,NL,荷兰,阿姆斯特丹,219 ms,6.37
77.72.18.71,443,TRUE,FRA,欧洲,DE,德国,法兰克福,164 ms,6.34
78.47.234.20,35271,TRUE,FRA,欧洲,DE,德国,法兰克福,219 ms,6.31
5.75.211.86,56259,TRUE,FRA,欧洲,DE,德国,法兰克福,178 ms,6.31
94.23.170.124,2053,TRUE,CDG,欧洲,FR,法国,巴黎,201 ms,6.3
118.130.187.163,17328,TRUE,NRT,亚太,JP,日本,东京,70 ms,6.28
38.180.105.164,443,TRUE,IST,欧洲,TR,土耳其,伊斯坦布尔,216 ms,6.28
212.193.1.208,443,TRUE,AMS,欧洲,NL,荷兰,阿姆斯特丹,202 ms,6.27
72.18.80.235,443,TRUE,LAX,北美洲,US,美国,洛杉矶,165 ms,6.26
23.105.193.198,19960,TRUE,LAX,北美洲,US,美国,洛杉矶,144 ms,6.25
37.27.27.91,2053,TRUE,HEL,欧洲,FI,芬兰,赫尔辛基,183 ms,6.25
194.76.173.57,2053,TRUE,FRA,欧洲,DE,德国,法兰克福,172 ms,6.23
164.152.26.70,1354,TRUE,ORD,北美洲,US,美国,芝加哥,209 ms,6.2
178.208.76.68,443,TRUE,AMS,欧洲,NL,荷兰,阿姆斯特丹,170 ms,6.2
116.47.10.236,11102,TRUE,NRT,亚太,JP,日本,东京,88 ms,6.2
51.178.190.164,17984,TRUE,CDG,欧洲,FR,法国,巴黎,176 ms,6.2
23.95.18.12,18443,TRUE,SEA,北美洲,US,美国,西雅图,159 ms,6.19
5.144.182.81,2053,TRUE,LHR,欧洲,GB,英国,伦敦,195 ms,6.19
51.178.39.34,8443,TRUE,CDG,欧洲,FR,法国,巴黎,184 ms,6.18
86.38.156.121,2053,TRUE,FRA,欧洲,DE,德国,法兰克福,179 ms,6.16
119.56.175.56,12406,TRUE,ICN,亚太,KR,韩国,首尔,45 ms,6.16
91.107.134.254,45603,TRUE,FRA,欧洲,DE,德国,法兰克福,187 ms,6.14
172.105.11.67,15223,TRUE,YYZ,北美洲,CA,加拿大,多伦多,199 ms,6.14
109.176.244.196,2053,TRUE,CDG,欧洲,FR,法国,巴黎,187 ms,6.14
129.153.91.86,3701,TRUE,LAX,北美洲,US,美国,洛杉矶,158 ms,6.14
86.38.156.6,8443,TRUE,FRA,欧洲,DE,德国,法兰克福,190 ms,6.14
61.36.172.75,50000,TRUE,ICN,亚太,KR,韩国,首尔,69 ms,6.12
94.23.169.3,8443,TRUE,CDG,欧洲,FR,法国,巴黎,189 ms,6.1
67.209.179.237,30419,TRUE,LAX,北美洲,US,美国,洛杉矶,145 ms,6.1
188.116.23.181,2053,TRUE,AMS,欧洲,NL,荷兰,阿姆斯特丹,198 ms,6.1
108.174.57.199,443,TRUE,YYZ,北美洲,CA,加拿大,多伦多,201 ms,6.06
107.173.147.41,27170,TRUE,SJC,北美洲,US,美国,圣何塞,141 ms,6.06
142.171.53.195,58204,TRUE,LAX,北美洲,US,美国,洛杉矶,152 ms,6.05
61.36.58.170,30051,TRUE,ICN,亚太,KR,韩国,首尔,45 ms,6.03
45.90.59.204,443,TRUE,GVA,欧洲,CH,瑞士,日内瓦,193 ms,6.03
66.112.215.227,18819,TRUE,LAX,北美洲,US,美国,洛杉矶,153 ms,6.02
94.159.98.23,2053,TRUE,FRA,欧洲,DE,德国,法兰克福,176 ms,6.02
94.23.169.3,2053,TRUE,CDG,欧洲,FR,法国,巴黎,176 ms,6.01
51.178.83.65,2053,TRUE,FRA,欧洲,DE,德国,法兰克福,172 ms,6.01
142.171.53.195,49585,TRUE,LAX,北美洲,US,美国,洛杉矶,155 ms,6
64.44.86.201,44759,TRUE,DEN,北美洲,US,美国,丹佛,188 ms,6
106.244.201.248,50000,TRUE,ICN,亚太,KR,韩国,首尔,45 ms,6
141.148.181.105,38945,TRUE,LAX,北美洲,US,美国,洛杉矶,155 ms,5.98
109.176.244.161,2053,TRUE,CDG,欧洲,FR,法国,巴黎,208 ms,5.98
91.107.139.212,8443,TRUE,FRA,欧洲,DE,德国,法兰克福,202 ms,5.94
112.155.196.229,50000,TRUE,ICN,亚太,KR,韩国,首尔,71 ms,5.94
193.233.232.30,8443,TRUE,FRA,欧洲,DE,德国,法兰克福,213 ms,5.92
132.145.94.80,443,TRUE,ICN,亚太,KR,韩国,首尔,180 ms,5.91
141.94.206.26,8443,TRUE,CDG,欧洲,FR,法国,巴黎,201 ms,5.91
194.76.173.49,2053,TRUE,FRA,欧洲,DE,德国,法兰克福,188 ms,5.91
142.171.76.55,8898,TRUE,LAX,北美洲,US,美国,洛杉矶,157 ms,5.9
172.96.209.184,13733,TRUE,LAX,北美洲,US,美国,洛杉矶,174 ms,5.9
141.94.223.220,443,TRUE,CDG,欧洲,FR,法国,巴黎,178 ms,5.89
57.128.110.184,4433,TRUE,FRA,欧洲,DE,德国,法兰克福,181 ms,5.88
106.255.89.151,30078,TRUE,ICN,亚太,KR,韩国,首尔,57 ms,5.87
194.26.232.203,443,TRUE,AMS,欧洲,NL,荷兰,阿姆斯特丹,175 ms,5.87
194.76.173.11,2053,TRUE,FRA,欧洲,DE,德国,法兰克福,196 ms,5.87
112.162.27.122,50000,TRUE,ICN,亚太,KR,韩国,首尔,159 ms,5.86
112.156.154.95,30067,TRUE,ICN,亚太,KR,韩国,首尔,54 ms,5.85
45.85.93.243,2053,TRUE,GVA,欧洲,CH,瑞士,日内瓦,205 ms,5.82
45.112.195.122,2053,TRUE,CDG,欧洲,FR,法国,巴黎,180 ms,5.82
23.105.198.177,14995,TRUE,LAX,北美洲,US,美国,洛杉矶,146 ms,5.82
217.182.61.62,2052,TRUE,CDG,欧洲,FR,法国,巴黎,191 ms,5.81
194.76.173.29,2053,TRUE,FRA,欧洲,DE,德国,法兰克福,173 ms,5.8
106.255.89.151,50000,TRUE,ICN,亚太,KR,韩国,首尔,47 ms,5.8
191.96.153.170,2053,TRUE,CDG,欧洲,FR,法国,巴黎,209 ms,5.75
66.98.127.46,2053,TRUE,LAX,北美洲,US,美国,洛杉矶,148 ms,5.74
195.206.242.131,8443,TRUE,FRA,欧洲,DE,德国,法兰克福,188 ms,5.74
43.130.105.166,65002,TRUE,IAD,北美洲,US,美国,阿什本,209 ms,5.74
107.173.84.99,45630,TRUE,SJC,北美洲,US,美国,圣何塞,150 ms,5.73
5.255.118.176,443,TRUE,AMS,欧洲,NL,荷兰,阿姆斯特丹,186 ms,5.73
49.171.243.145,30055,TRUE,ICN,亚太,KR,韩国,首尔,79 ms,5.73
51.38.98.202,443,TRUE,FRA,欧洲,DE,德国,法兰克福,182 ms,5.73
38.22.233.64,443,TRUE,LAX,北美洲,US,美国,洛杉矶,189 ms,5.72
112.223.212.219,10543,TRUE,HKG,亚太,HK,香港,香港,89 ms,5.71
128.140.71.144,443,TRUE,CDG,欧洲,FR,法国,巴黎,177 ms,5.7
38.46.0.147,39596,TRUE,LAX,北美洲,US,美国,洛杉矶,144 ms,5.7
64.64.232.192,14156,TRUE,LAX,北美洲,US,美国,洛杉矶,146 ms,5.69
185.224.248.120,443,TRUE,FRA,欧洲,DE,德国,法兰克福,163 ms,5.68
58.78.224.238,50000,TRUE,ICN,亚太,KR,韩国,首尔,38 ms,5.67
86.38.156.184,2053,TRUE,FRA,欧洲,DE,德国,法兰克福,170 ms,5.66
178.159.38.148,443,TRUE,AMS,欧洲,NL,荷兰,阿姆斯特丹,188 ms,5.63
64.64.227.118,35375,TRUE,LAX,北美洲,US,美国,洛杉矶,143 ms,5.63
86.110.56.154,2053,TRUE,WAW,欧洲,PL,波兰,华沙,203 ms,5.63
64.64.240.179,22023,TRUE,LAX,北美洲,US,美国,洛杉矶,136 ms,5.62
94.23.167.24,2053,TRUE,CDG,欧洲,FR,法国,巴黎,203 ms,5.62
91.199.32.56,2053,TRUE,LHR,欧洲,GB,英国,伦敦,201 ms,5.62
162.19.242.215,8443,TRUE,FRA,欧洲,DE,德国,法兰克福,186 ms,5.61
65.109.243.115,2052,TRUE,FRA,欧洲,DE,德国,法兰克福,178 ms,5.61
31.133.0.135,2053,TRUE,WAW,欧洲,PL,波兰,华沙,181 ms,5.61
107.173.54.243,443,TRUE,BUF,北美洲,US,美国,布法罗,206 ms,5.59
5.78.51.6,443,TRUE,PDX,北美洲,US,美国,波特兰,162 ms,5.59
31.24.253.207,8443,TRUE,FRA,欧洲,DE,德国,法兰克福,207 ms,5.57
95.181.173.215,443,TRUE,DEN,北美洲,US,美国,丹佛,189 ms,5.57
107.175.224.85,10011,TRUE,LAX,北美洲,US,美国,洛杉矶,167 ms,5.56
211.248.217.7,50000,TRUE,ICN,亚太,KR,韩国,首尔,170 ms,5.56
104.224.176.138,37269,TRUE,LAX,北美洲,US,美国,洛杉矶,156 ms,5.54
148.135.95.213,58452,TRUE,LAX,北美洲,US,美国,洛杉矶,145 ms,5.54
86.110.56.134,2053,TRUE,WAW,欧洲,PL,波兰,华沙,207 ms,5.53
222.106.126.224,50000,TRUE,ICN,亚太,KR,韩国,首尔,165 ms,5.51
47.251.70.15,28648,TRUE,SJC,北美洲,US,美国,圣何塞,141 ms,5.5
121.85.55.59,19842,TRUE,KIX,亚太,JP,日本,大阪,95 ms,5.5
185.72.86.16,2053,TRUE,RIX,欧洲,LV,拉脱维亚,里加,194 ms,5.5
119.56.175.56,12763,TRUE,ICN,亚太,KR,韩国,首尔,174 ms,5.49
49.166.202.100,30045,TRUE,ICN,亚太,KR,韩国,首尔,86 ms,5.47
159.69.111.215,2095,TRUE,CDG,欧洲,FR,法国,巴黎,172 ms,5.45
86.110.56.28,2053,TRUE,WAW,欧洲,PL,波兰,华沙,201 ms,5.44
44.228.63.60,443,TRUE,PDX,北美洲,US,美国,波特兰,178 ms,5.44
65.109.242.142,8444,TRUE,ARN,欧洲,SE,瑞典,斯德哥尔摩,181 ms,5.43
109.176.244.224,8443,TRUE,CDG,欧洲,FR,法国,巴黎,205 ms,5.43
109.176.244.114,2053,TRUE,CDG,欧洲,FR,法国,巴黎,205 ms,5.41
5.144.181.146,2053,TRUE,LHR,欧洲,GB,英国,伦敦,191 ms,5.41
141.11.95.10,18443,TRUE,LAX,北美洲,US,美国,洛杉矶,153 ms,5.41
119.201.28.118,24601,TRUE,ICN,亚太,KR,韩国,首尔,165 ms,5.4
146.103.49.157,2053,TRUE,CDG,欧洲,FR,法国,巴黎,184 ms,5.4
91.90.194.87,443,TRUE,AMS,欧洲,NL,荷兰,阿姆斯特丹,196 ms,5.39
198.244.249.22,2053,TRUE,LHR,欧洲,GB,英国,伦敦,195 ms,5.39
146.70.88.123,8443,TRUE,CDG,欧洲,FR,法国,巴黎,193 ms,5.39
74.48.160.149,43516,TRUE,LAX,北美洲,US,美国,洛杉矶,153 ms,5.39
121.158.27.207,50000,TRUE,ICN,亚太,KR,韩国,首尔,164 ms,5.38
188.212.125.72,4433,TRUE,AMS,欧洲,NL,荷兰,阿姆斯特丹,182 ms,5.37
38.22.233.228,443,TRUE,LAX,北美洲,US,美国,洛杉矶,175 ms,5.36
146.103.49.143,8443,TRUE,CDG,欧洲,FR,法国,巴黎,178 ms,5.34
89.208.253.189,443,TRUE,LAX,北美洲,US,美国,洛杉矶,144 ms,5.34
107.173.30.154,27149,TRUE,BUF,北美洲,US,美国,布法罗,205 ms,5.33
188.165.26.97,8443,TRUE,CDG,欧洲,FR,法国,巴黎,179 ms,5.33
51.178.80.31,8668,TRUE,FRA,欧洲,DE,德国,法兰克福,173 ms,5.32
66.98.114.222,27878,TRUE,LAX,北美洲,US,美国,洛杉矶,172 ms,5.31
109.176.244.33,2053,TRUE,CDG,欧洲,FR,法国,巴黎,181 ms,5.31
217.110.20.141,443,TRUE,CPH,欧洲,DK,丹麦,哥本哈根,178 ms,5.31
185.94.164.12,443,TRUE,AMS,欧洲,NL,荷兰,阿姆斯特丹,160 ms,5.3
51.68.142.112,2053,TRUE,WAW,欧洲,PL,波兰,华沙,207 ms,5.3
31.24.253.211,2053,TRUE,FRA,欧洲,DE,德国,法兰克福,182 ms,5.29
51.38.94.37,2053,TRUE,LHR,欧洲,GB,英国,伦敦,205 ms,5.29
182.231.198.88,16026,TRUE,ICN,亚太,KR,韩国,首尔,47 ms,5.27
112.162.138.75,50000,TRUE,ICN,亚太,KR,韩国,首尔,164 ms,5.27
27.100.229.147,50000,TRUE,ICN,亚太,KR,韩国,首尔,53 ms,5.27
109.176.244.10,2053,TRUE,CDG,欧洲,FR,法国,巴黎,188 ms,5.25
51.210.96.182,2053,TRUE,CDG,欧洲,FR,法国,巴黎,180 ms,5.24
54.37.142.113,8443,TRUE,WAW,欧洲,PL,波兰,华沙,219 ms,5.23
107.172.142.156,443,TRUE,YYZ,北美洲,CA,加拿大,多伦多,204 ms,5.23
49.166.202.100,30065,TRUE,ICN,亚太,KR,韩国,首尔,86 ms,5.22
97.64.27.82,443,TRUE,LAX,北美洲,US,美国,洛杉矶,147 ms,5.22
220.71.170.47,50000,TRUE,ICN,亚太,KR,韩国,首尔,155 ms,5.22
45.112.195.18,2053,TRUE,CDG,欧洲,FR,法国,巴黎,187 ms,5.21
121.165.101.69,19413,TRUE,ICN,亚太,KR,韩国,首尔,155 ms,5.2
147.45.167.197,443,TRUE,AMS,欧洲,NL,荷兰,阿姆斯特丹,205 ms,5.19
94.131.123.164,2053,TRUE,IST,欧洲,TR,土耳其,伊斯坦布尔,214 ms,5.19
195.206.242.141,2053,TRUE,FRA,欧洲,DE,德国,法兰克福,181 ms,5.18
51.195.45.137,2053,TRUE,FRA,欧洲,DE,德国,法兰克福,181 ms,5.17
213.218.238.86,2053,TRUE,WAW,欧洲,PL,波兰,华沙,192 ms,5.15
65.108.209.46,443,TRUE,HEL,欧洲,FI,芬兰,赫尔辛基,209 ms,5.15
31.24.253.106,2053,TRUE,FRA,欧洲,DE,德国,法兰克福,200 ms,5.15
91.228.56.35,49649,TRUE,AMS,欧洲,NL,荷兰,阿姆斯特丹,189 ms,5.14
57.129.53.184,2053,TRUE,FRA,欧洲,DE,德国,法兰克福,195 ms,5.14
31.129.48.139,443,TRUE,LED,欧洲,RU,俄罗斯,圣彼得堡,218 ms,5.13
180.211.23.99,50000,TRUE,ICN,亚太,KR,韩国,首尔,57 ms,5.12
142.171.31.155,27865,TRUE,LAX,北美洲,US,美国,洛杉矶,164 ms,5.12
86.110.56.129,2053,TRUE,WAW,欧洲,PL,波兰,华沙,202 ms,5.12
142.171.133.103,35398,TRUE,LAX,北美洲,US,美国,洛杉矶,156 ms,5.1
51.83.228.230,8443,TRUE,KBP,欧洲,UA,乌克兰,基辅,210 ms,5.1
54.37.142.113,2053,TRUE,WAW,欧洲,PL,波兰,华沙,189 ms,5.1
162.19.66.26,8443,TRUE,CDG,欧洲,FR,法国,巴黎,190 ms,5.08
188.165.26.97,2053,TRUE,CDG,欧洲,FR,法国,巴黎,182 ms,5.08
57.128.168.191,25218,TRUE,LHR,欧洲,GB,英国,伦敦,198 ms,5.07
45.112.195.173,2053,TRUE,CDG,欧洲,FR,法国,巴黎,179 ms,5.07
182.213.59.227,14286,TRUE,NRT,亚太,JP,日本,东京,86 ms,5.07
185.94.164.160,443,TRUE,AMS,欧洲,NL,荷兰,阿姆斯特丹,189 ms,5.07
65.108.245.196,443,TRUE,HEL,欧洲,FI,芬兰,赫尔辛基,212 ms,5.07
185.243.215.76,2053,TRUE,ARN,欧洲,SE,瑞典,斯德哥尔摩,184 ms,5.07
112.184.1.101,16357,TRUE,ICN,亚太,KR,韩国,首尔,169 ms,5.06
116.202.0.181,17853,TRUE,FRA,欧洲,DE,德国,法兰克福,184 ms,5.06
188.245.76.63,2053,TRUE,CDG,欧洲,FR,法国,巴黎,187 ms,5.05
185.140.12.239,443,TRUE,FRA,欧洲,DE,德国,法兰克福,186 ms,5.05
142.171.52.104,9933,TRUE,LAX,北美洲,US,美国,洛杉矶,155 ms,5.04
89.111.172.106,2053,TRUE,FRA,欧洲,DE,德国,法兰克福,215 ms,5.04
191.96.153.60,2053,TRUE,CDG,欧洲,FR,法国,巴黎,191 ms,5.02
112.158.77.21,50034,TRUE,ICN,亚太,KR,韩国,首尔,41 ms,5.01
31.24.253.179,2053,TRUE,FRA,欧洲,DE,德国,法兰克福,204 ms,5.01
